item_id	bucket	item_kind	command	option	value	combination	repo_state	transport	platform	implementation_source	evidence_source	evidence_kind	source_detail	next_action	notes
schema-arg:cfc9fc11c22b6fcb	implemented but unverified	zmin_schema_argument	annotate	<positional:args>	1..	action=Append	<unclassified>	<unclassified>	all	zmin compat schema	zmin compat --profile v2-47 --format json	zmin_schema	arg_id=args required=False positional=True	add stock-Git oracle evidence before counting this parser/handler surface	schema presence is not compatibility evidence
schema-arg:d00181a6cad3fb1f	implemented but unverified	zmin_schema_argument	archimport	<positional:args>	1..	action=Append	<unclassified>	<unclassified>	all	zmin compat schema	zmin compat --profile v2-47 --format json	zmin_schema	arg_id=args required=False positional=True	add stock-Git oracle evidence before counting this parser/handler surface	schema presence is not compatibility evidence
schema-arg:20eee13e2c6ed1c5	implemented but unverified	zmin_schema_argument	bisect	<positional:args>	1..	action=Append	<unclassified>	<unclassified>	all	zmin compat schema	zmin compat --profile v2-47 --format json	zmin_schema	arg_id=args required=False positional=True	add stock-Git oracle evidence before counting this parser/handler surface	schema presence is not compatibility evidence
schema-arg:33c705c31be7479f	implemented but unverified	zmin_schema_argument	blame	<positional:args>	1..	action=Append	<unclassified>	<unclassified>	all	zmin compat schema	zmin compat --profile v2-47 --format json	zmin_schema	arg_id=args required=False positional=True	add stock-Git oracle evidence before counting this parser/handler surface	schema presence is not compatibility evidence
schema-arg:d6a3b7a482f223f2	implemented but unverified	zmin_schema_argument	cherry-pick	--mainline	1	action=Set	<unclassified>	<unclassified>	all	zmin compat schema	zmin compat --profile v2-47 --format json	zmin_schema	arg_id=mainline required=False positional=False	add stock-Git oracle evidence before counting this parser/handler surface	schema presence is not compatibility evidence
schema-arg:13467c87189b09d8	implemented but unverified	zmin_schema_argument	citool	--amend	1	action=SetTrue	<unclassified>	<unclassified>	all	zmin compat schema	zmin compat --profile v2-47 --format json	zmin_schema	arg_id=amend required=False positional=False	add stock-Git oracle evidence before counting this parser/handler surface	schema presence is not compatibility evidence
schema-arg:0af5ce6576066ffa	implemented but unverified	zmin_schema_argument	citool	--file	1	action=Set	<unclassified>	<unclassified>	all	zmin compat schema	zmin compat --profile v2-47 --format json	zmin_schema	arg_id=message_file required=False positional=False	add stock-Git oracle evidence before counting this parser/handler surface	schema presence is not compatibility evidence
schema-arg:45aec069d313da2d	implemented but unverified	zmin_schema_argument	citool	--nocommit	1	action=SetTrue	<unclassified>	<unclassified>	all	zmin compat schema	zmin compat --profile v2-47 --format json	zmin_schema	arg_id=nocommit required=False positional=False	add stock-Git oracle evidence before counting this parser/handler surface	schema presence is not compatibility evidence
schema-arg:d241327d4c1d9ca1	implemented but unverified	zmin_schema_argument	citool	-F	1	action=Set	<unclassified>	<unclassified>	all	zmin compat schema	zmin compat --profile v2-47 --format json	zmin_schema	arg_id=message_file required=False positional=False	add stock-Git oracle evidence before counting this parser/handler surface	schema presence is not compatibility evidence
schema-arg:3dad9d51557904d0	implemented but unverified	zmin_schema_argument	citool	-m	1	action=Append	<unclassified>	<unclassified>	all	zmin compat schema	zmin compat --profile v2-47 --format json	zmin_schema	arg_id=messages required=False positional=False	add stock-Git oracle evidence before counting this parser/handler surface	schema presence is not compatibility evidence
schema-arg:d2d9b03761fb7a12	implemented but unverified	zmin_schema_argument	clone	-l	1	action=SetTrue	<unclassified>	<unclassified>	all	zmin compat schema	zmin compat --profile v2-47 --format json	zmin_schema	arg_id=local required=False positional=False	add stock-Git oracle evidence before counting this parser/handler surface	schema presence is not compatibility evidence
schema-arg:287c88790eec2a53	implemented but unverified	zmin_schema_argument	clone	-n	1	action=SetTrue	<unclassified>	<unclassified>	all	zmin compat schema	zmin compat --profile v2-47 --format json	zmin_schema	arg_id=no_checkout required=False positional=False	add stock-Git oracle evidence before counting this parser/handler surface	schema presence is not compatibility evidence
schema-arg:0fd06b9f2a224572	implemented but unverified	zmin_schema_argument	clone	-q	1	action=SetTrue	<unclassified>	<unclassified>	all	zmin compat schema	zmin compat --profile v2-47 --format json	zmin_schema	arg_id=quiet required=False positional=False	add stock-Git oracle evidence before counting this parser/handler surface	schema presence is not compatibility evidence
schema-arg:eab5324a798edcf9	implemented but unverified	zmin_schema_argument	clone	-s	1	action=SetTrue	<unclassified>	<unclassified>	all	zmin compat schema	zmin compat --profile v2-47 --format json	zmin_schema	arg_id=shared required=False positional=False	add stock-Git oracle evidence before counting this parser/handler surface	schema presence is not compatibility evidence
schema-arg:ff0f752f98f37805	implemented but unverified	zmin_schema_argument	credential-cache	--daemon-internal	1	action=SetTrue	<unclassified>	<unclassified>	all	zmin compat schema	zmin compat --profile v2-47 --format json	zmin_schema	arg_id=daemon_internal required=False positional=False	add stock-Git oracle evidence before counting this parser/handler surface	schema presence is not compatibility evidence
schema-arg:74a965c15ec472f8	implemented but unverified	zmin_schema_argument	cvsexportcommit	<positional:args>	1..	action=Append	<unclassified>	<unclassified>	all	zmin compat schema	zmin compat --profile v2-47 --format json	zmin_schema	arg_id=args required=False positional=True	add stock-Git oracle evidence before counting this parser/handler surface	schema presence is not compatibility evidence
schema-arg:713dded27b416fe5	implemented but unverified	zmin_schema_argument	cvsimport	<positional:args>	1..	action=Append	<unclassified>	<unclassified>	all	zmin compat schema	zmin compat --profile v2-47 --format json	zmin_schema	arg_id=args required=False positional=True	add stock-Git oracle evidence before counting this parser/handler surface	schema presence is not compatibility evidence
schema-arg:b7cf02e6b0e94f3a	implemented but unverified	zmin_schema_argument	cvsserver	<positional:args>	1..	action=Append	<unclassified>	<unclassified>	all	zmin compat schema	zmin compat --profile v2-47 --format json	zmin_schema	arg_id=args required=False positional=True	add stock-Git oracle evidence before counting this parser/handler surface	schema presence is not compatibility evidence
schema-arg:f2e1e446313630fc	implemented but unverified	zmin_schema_argument	diff	--reverse	1	action=SetTrue	<unclassified>	<unclassified>	all	zmin compat schema	zmin compat --profile v2-47 --format json	zmin_schema	arg_id=reverse required=False positional=False	add stock-Git oracle evidence before counting this parser/handler surface	schema presence is not compatibility evidence
schema-arg:3d737fd972736305	implemented but unverified	zmin_schema_argument	diff-tree	--reverse	1	action=SetTrue	<unclassified>	<unclassified>	all	zmin compat schema	zmin compat --profile v2-47 --format json	zmin_schema	arg_id=reverse required=False positional=False	add stock-Git oracle evidence before counting this parser/handler surface	schema presence is not compatibility evidence
schema-arg:b8151766b1015642	implemented but unverified	zmin_schema_argument	difftool	--prompt	1	action=SetTrue	<unclassified>	<unclassified>	all	zmin compat schema	zmin compat --profile v2-47 --format json	zmin_schema	arg_id=prompt required=False positional=False	add stock-Git oracle evidence before counting this parser/handler surface	schema presence is not compatibility evidence
schema-arg:2c266f39fc729459	implemented but unverified	zmin_schema_argument	fast-export	--all	1	action=SetTrue	<unclassified>	<unclassified>	all	zmin compat schema	zmin compat --profile v2-47 --format json	zmin_schema	arg_id=all required=False positional=False	add stock-Git oracle evidence before counting this parser/handler surface	schema presence is not compatibility evidence
schema-arg:2c2cd5fc15365d80	implemented but unverified	zmin_schema_argument	fast-export	<positional:refs>	1..	action=Append	<unclassified>	<unclassified>	all	zmin compat schema	zmin compat --profile v2-47 --format json	zmin_schema	arg_id=refs required=False positional=True	add stock-Git oracle evidence before counting this parser/handler surface	schema presence is not compatibility evidence
schema-arg:bd60e153b7041dae	implemented but unverified	zmin_schema_argument	fetch	--force	1	action=SetTrue	<unclassified>	<unclassified>	all	zmin compat schema	zmin compat --profile v2-47 --format json	zmin_schema	arg_id=force required=False positional=False	add stock-Git oracle evidence before counting this parser/handler surface	schema presence is not compatibility evidence
schema-arg:f0503f765cac5a75	implemented but unverified	zmin_schema_argument	fetch	-a	1	action=SetTrue	<unclassified>	<unclassified>	all	zmin compat schema	zmin compat --profile v2-47 --format json	zmin_schema	arg_id=append required=False positional=False	add stock-Git oracle evidence before counting this parser/handler surface	schema presence is not compatibility evidence
schema-arg:56aa2ad2b934eddc	implemented but unverified	zmin_schema_argument	fetch	-n	1	action=SetTrue	<unclassified>	<unclassified>	all	zmin compat schema	zmin compat --profile v2-47 --format json	zmin_schema	arg_id=dry_run required=False positional=False	add stock-Git oracle evidence before counting this parser/handler surface	schema presence is not compatibility evidence
schema-arg:b46b76e46e7242b1	implemented but unverified	zmin_schema_argument	fetch	-p	1	action=SetTrue	<unclassified>	<unclassified>	all	zmin compat schema	zmin compat --profile v2-47 --format json	zmin_schema	arg_id=prune required=False positional=False	add stock-Git oracle evidence before counting this parser/handler surface	schema presence is not compatibility evidence
schema-arg:738f83375e09fc86	implemented but unverified	zmin_schema_argument	fetch	-q	1	action=SetTrue	<unclassified>	<unclassified>	all	zmin compat schema	zmin compat --profile v2-47 --format json	zmin_schema	arg_id=quiet required=False positional=False	add stock-Git oracle evidence before counting this parser/handler surface	schema presence is not compatibility evidence
schema-arg:b79da1c0ae50712e	implemented but unverified	zmin_schema_argument	fetch	-t	1	action=SetTrue	<unclassified>	<unclassified>	all	zmin compat schema	zmin compat --profile v2-47 --format json	zmin_schema	arg_id=tags required=False positional=False	add stock-Git oracle evidence before counting this parser/handler surface	schema presence is not compatibility evidence
schema-arg:f61efbed60c93cfe	implemented but unverified	zmin_schema_argument	fetch	-v	1	action=SetTrue	<unclassified>	<unclassified>	all	zmin compat schema	zmin compat --profile v2-47 --format json	zmin_schema	arg_id=verbose required=False positional=False	add stock-Git oracle evidence before counting this parser/handler surface	schema presence is not compatibility evidence
schema-arg:3d908217f19cb458	implemented but unverified	zmin_schema_argument	filter-branch	--force	1	action=SetTrue	<unclassified>	<unclassified>	all	zmin compat schema	zmin compat --profile v2-47 --format json	zmin_schema	arg_id=force required=False positional=False	add stock-Git oracle evidence before counting this parser/handler surface	schema presence is not compatibility evidence
schema-arg:284126c3fce2f0cd	implemented but unverified	zmin_schema_argument	filter-branch	--original	1	action=Set	<unclassified>	<unclassified>	all	zmin compat schema	zmin compat --profile v2-47 --format json	zmin_schema	arg_id=original required=False positional=False	add stock-Git oracle evidence before counting this parser/handler surface	schema presence is not compatibility evidence
schema-arg:84701d38302ec2d1	implemented but unverified	zmin_schema_argument	filter-branch	<positional:revs>	1..	action=Append	<unclassified>	<unclassified>	all	zmin compat schema	zmin compat --profile v2-47 --format json	zmin_schema	arg_id=revs required=False positional=True	add stock-Git oracle evidence before counting this parser/handler surface	schema presence is not compatibility evidence
schema-arg:72e4f48d137aa2fc	implemented but unverified	zmin_schema_argument	fmt-merge-msg	--message	1	action=Set	<unclassified>	<unclassified>	all	zmin compat schema	zmin compat --profile v2-47 --format json	zmin_schema	arg_id=message required=False positional=False	add stock-Git oracle evidence before counting this parser/handler surface	schema presence is not compatibility evidence
schema-arg:1e41656fce61b196	implemented but unverified	zmin_schema_argument	format-patch	--numbered-files	1	action=SetTrue	<unclassified>	<unclassified>	all	zmin compat schema	zmin compat --profile v2-47 --format json	zmin_schema	arg_id=numbered_files required=False positional=False	add stock-Git oracle evidence before counting this parser/handler surface	schema presence is not compatibility evidence
schema-arg:868410658f521376	implemented but unverified	zmin_schema_argument	format-patch	--suffix	1	action=Set	<unclassified>	<unclassified>	all	zmin compat schema	zmin compat --profile v2-47 --format json	zmin_schema	arg_id=suffix required=False positional=False	add stock-Git oracle evidence before counting this parser/handler surface	schema presence is not compatibility evidence
schema-arg:f125d4dba2541e08	implemented but unverified	zmin_schema_argument	gc	--auto	1	action=SetTrue	<unclassified>	<unclassified>	all	zmin compat schema	zmin compat --profile v2-47 --format json	zmin_schema	arg_id=auto required=False positional=False	add stock-Git oracle evidence before counting this parser/handler surface	schema presence is not compatibility evidence
schema-arg:b28928e9fa5f7703	implemented but unverified	zmin_schema_argument	gc	--no-prune	1	action=SetTrue	<unclassified>	<unclassified>	all	zmin compat schema	zmin compat --profile v2-47 --format json	zmin_schema	arg_id=no_prune required=False positional=False	add stock-Git oracle evidence before counting this parser/handler surface	schema presence is not compatibility evidence
schema-arg:e049c3f34e10a072	implemented but unverified	zmin_schema_argument	gc	-q	1	action=SetTrue	<unclassified>	<unclassified>	all	zmin compat schema	zmin compat --profile v2-47 --format json	zmin_schema	arg_id=quiet required=False positional=False	add stock-Git oracle evidence before counting this parser/handler surface	schema presence is not compatibility evidence
schema-arg:78a966f25369c0e4	implemented but unverified	zmin_schema_argument	gui	<positional:args>	1..	action=Append	<unclassified>	<unclassified>	all	zmin compat schema	zmin compat --profile v2-47 --format json	zmin_schema	arg_id=args required=False positional=True	add stock-Git oracle evidence before counting this parser/handler surface	schema presence is not compatibility evidence
schema-arg:f1329def0208f977	implemented but unverified	zmin_schema_argument	help	<positional:args>	1..	action=Append	<unclassified>	<unclassified>	all	zmin compat schema	zmin compat --profile v2-47 --format json	zmin_schema	arg_id=args required=False positional=True	add stock-Git oracle evidence before counting this parser/handler surface	schema presence is not compatibility evidence
schema-arg:3e2c28b1e1d5c75d	implemented but unverified	zmin_schema_argument	http-fetch	--recover	1	action=SetTrue	<unclassified>	<unclassified>	all	zmin compat schema	zmin compat --profile v2-47 --format json	zmin_schema	arg_id=recover required=False positional=False	add stock-Git oracle evidence before counting this parser/handler surface	schema presence is not compatibility evidence
schema-arg:517eb10b67a3d59b	implemented but unverified	zmin_schema_argument	http-fetch	-a	1	action=SetTrue	<unclassified>	<unclassified>	all	zmin compat schema	zmin compat --profile v2-47 --format json	zmin_schema	arg_id=all required=False positional=False	add stock-Git oracle evidence before counting this parser/handler surface	schema presence is not compatibility evidence
schema-arg:addbaa5f6ee991c2	implemented but unverified	zmin_schema_argument	http-fetch	-c	1	action=SetTrue	<unclassified>	<unclassified>	all	zmin compat schema	zmin compat --profile v2-47 --format json	zmin_schema	arg_id=commit required=False positional=False	add stock-Git oracle evidence before counting this parser/handler surface	schema presence is not compatibility evidence
schema-arg:33da5dd3555fbe6c	implemented but unverified	zmin_schema_argument	http-fetch	-t	1	action=SetTrue	<unclassified>	<unclassified>	all	zmin compat schema	zmin compat --profile v2-47 --format json	zmin_schema	arg_id=tags required=False positional=False	add stock-Git oracle evidence before counting this parser/handler surface	schema presence is not compatibility evidence
schema-arg:1a100ea4aa093a35	implemented but unverified	zmin_schema_argument	http-fetch	-v	1	action=SetTrue	<unclassified>	<unclassified>	all	zmin compat schema	zmin compat --profile v2-47 --format json	zmin_schema	arg_id=verbose required=False positional=False	add stock-Git oracle evidence before counting this parser/handler surface	schema presence is not compatibility evidence
schema-arg:25e969e5685fbcbb	implemented but unverified	zmin_schema_argument	http-fetch	-w	1	action=Append	<unclassified>	<unclassified>	all	zmin compat schema	zmin compat --profile v2-47 --format json	zmin_schema	arg_id=write_ref required=False positional=False	add stock-Git oracle evidence before counting this parser/handler surface	schema presence is not compatibility evidence
schema-arg:96601127e7e5daba	implemented but unverified	zmin_schema_argument	http-fetch	<positional:args>	1..	action=Append	<unclassified>	<unclassified>	all	zmin compat schema	zmin compat --profile v2-47 --format json	zmin_schema	arg_id=args required=False positional=True	add stock-Git oracle evidence before counting this parser/handler surface	schema presence is not compatibility evidence
schema-arg:d935df225e9cadcd	implemented but unverified	zmin_schema_argument	http-push	--all	1	action=SetTrue	<unclassified>	<unclassified>	all	zmin compat schema	zmin compat --profile v2-47 --format json	zmin_schema	arg_id=all required=False positional=False	add stock-Git oracle evidence before counting this parser/handler surface	schema presence is not compatibility evidence
schema-arg:2fb2d705e341476c	implemented but unverified	zmin_schema_argument	http-push	--dry-run	1	action=SetTrue	<unclassified>	<unclassified>	all	zmin compat schema	zmin compat --profile v2-47 --format json	zmin_schema	arg_id=dry_run required=False positional=False	add stock-Git oracle evidence before counting this parser/handler surface	schema presence is not compatibility evidence
schema-arg:b3d4003f89bb5311	implemented but unverified	zmin_schema_argument	http-push	--force	1	action=SetTrue	<unclassified>	<unclassified>	all	zmin compat schema	zmin compat --profile v2-47 --format json	zmin_schema	arg_id=force required=False positional=False	add stock-Git oracle evidence before counting this parser/handler surface	schema presence is not compatibility evidence
schema-arg:938d4529fd4c2ddc	implemented but unverified	zmin_schema_argument	http-push	--verbose	1	action=SetTrue	<unclassified>	<unclassified>	all	zmin compat schema	zmin compat --profile v2-47 --format json	zmin_schema	arg_id=verbose required=False positional=False	add stock-Git oracle evidence before counting this parser/handler surface	schema presence is not compatibility evidence
schema-arg:a58f7898aaf97ab1	implemented but unverified	zmin_schema_argument	http-push	<positional:heads>	1..	action=Append	<unclassified>	<unclassified>	all	zmin compat schema	zmin compat --profile v2-47 --format json	zmin_schema	arg_id=heads required=False positional=True	add stock-Git oracle evidence before counting this parser/handler surface	schema presence is not compatibility evidence
schema-arg:894303b5cd45b251	implemented but unverified	zmin_schema_argument	http-push	<positional:remote>	1	action=Set	<unclassified>	<unclassified>	all	zmin compat schema	zmin compat --profile v2-47 --format json	zmin_schema	arg_id=remote required=True positional=True	add stock-Git oracle evidence before counting this parser/handler surface	schema presence is not compatibility evidence
schema-arg:b5414b56cea16395	implemented but unverified	zmin_schema_argument	imap-send	--curl	1	action=SetTrue	<unclassified>	<unclassified>	all	zmin compat schema	zmin compat --profile v2-47 --format json	zmin_schema	arg_id=curl required=False positional=False	add stock-Git oracle evidence before counting this parser/handler surface	schema presence is not compatibility evidence
schema-arg:9c98fa1c7392070e	implemented but unverified	zmin_schema_argument	imap-send	--no-curl	1	action=SetTrue	<unclassified>	<unclassified>	all	zmin compat schema	zmin compat --profile v2-47 --format json	zmin_schema	arg_id=no_curl required=False positional=False	add stock-Git oracle evidence before counting this parser/handler surface	schema presence is not compatibility evidence
schema-arg:002c9ed2583dcf3a	implemented but unverified	zmin_schema_argument	imap-send	--quiet	1	action=SetTrue	<unclassified>	<unclassified>	all	zmin compat schema	zmin compat --profile v2-47 --format json	zmin_schema	arg_id=quiet required=False positional=False	add stock-Git oracle evidence before counting this parser/handler surface	schema presence is not compatibility evidence
schema-arg:8e199fd4f7f9aba9	implemented but unverified	zmin_schema_argument	imap-send	--verbose	1	action=SetTrue	<unclassified>	<unclassified>	all	zmin compat schema	zmin compat --profile v2-47 --format json	zmin_schema	arg_id=verbose required=False positional=False	add stock-Git oracle evidence before counting this parser/handler surface	schema presence is not compatibility evidence
schema-arg:6056c7936e2c9b37	implemented but unverified	zmin_schema_argument	imap-send	-q	1	action=SetTrue	<unclassified>	<unclassified>	all	zmin compat schema	zmin compat --profile v2-47 --format json	zmin_schema	arg_id=quiet required=False positional=False	add stock-Git oracle evidence before counting this parser/handler surface	schema presence is not compatibility evidence
schema-arg:53b6606087d53aa6	implemented but unverified	zmin_schema_argument	imap-send	-v	1	action=SetTrue	<unclassified>	<unclassified>	all	zmin compat schema	zmin compat --profile v2-47 --format json	zmin_schema	arg_id=verbose required=False positional=False	add stock-Git oracle evidence before counting this parser/handler surface	schema presence is not compatibility evidence
schema-arg:46151dd99be5ad3a	implemented but unverified	zmin_schema_argument	log	--pickaxe-regex	1	action=SetTrue	<unclassified>	<unclassified>	all	zmin compat schema	zmin compat --profile v2-47 --format json	zmin_schema	arg_id=pickaxe_regex_mode required=False positional=False	add stock-Git oracle evidence before counting this parser/handler surface	schema presence is not compatibility evidence
schema-arg:de10d61151bfb4c1	implemented but unverified	zmin_schema_argument	ls-remote	--upload-pack	1	action=Set	<unclassified>	<unclassified>	all	zmin compat schema	zmin compat --profile v2-47 --format json	zmin_schema	arg_id=upload_pack required=False positional=False	add stock-Git oracle evidence before counting this parser/handler surface	schema presence is not compatibility evidence
schema-arg:1d0476ab86ad2997	implemented but unverified	zmin_schema_argument	maintenance	--config-file	1	action=Set	<unclassified>	<unclassified>	all	zmin compat schema	zmin compat --profile v2-47 --format json	zmin_schema	arg_id=config_file required=False positional=False	add stock-Git oracle evidence before counting this parser/handler surface	schema presence is not compatibility evidence
schema-arg:6d6033a867c70107	implemented but unverified	zmin_schema_argument	maintenance	--force	1	action=SetTrue	<unclassified>	<unclassified>	all	zmin compat schema	zmin compat --profile v2-47 --format json	zmin_schema	arg_id=force required=False positional=False	add stock-Git oracle evidence before counting this parser/handler surface	schema presence is not compatibility evidence
schema-arg:c8ea5f8650c9976e	implemented but unverified	zmin_schema_argument	maintenance	-f	1	action=SetTrue	<unclassified>	<unclassified>	all	zmin compat schema	zmin compat --profile v2-47 --format json	zmin_schema	arg_id=force required=False positional=False	add stock-Git oracle evidence before counting this parser/handler surface	schema presence is not compatibility evidence
schema-arg:4c7c195d1d157649	implemented but unverified	zmin_schema_argument	maintenance	-q	1	action=SetTrue	<unclassified>	<unclassified>	all	zmin compat schema	zmin compat --profile v2-47 --format json	zmin_schema	arg_id=quiet required=False positional=False	add stock-Git oracle evidence before counting this parser/handler surface	schema presence is not compatibility evidence
schema-arg:cf6739c4cfc5e3b1	implemented but unverified	zmin_schema_argument	merge	--ff-only	1	action=SetTrue	<unclassified>	<unclassified>	all	zmin compat schema	zmin compat --profile v2-47 --format json	zmin_schema	arg_id=ff_only required=False positional=False	add stock-Git oracle evidence before counting this parser/handler surface	schema presence is not compatibility evidence
schema-arg:0c6b94b5b7e8410e	implemented but unverified	zmin_schema_argument	merge	--no-commit	1	action=SetTrue	<unclassified>	<unclassified>	all	zmin compat schema	zmin compat --profile v2-47 --format json	zmin_schema	arg_id=no_commit required=False positional=False	add stock-Git oracle evidence before counting this parser/handler surface	schema presence is not compatibility evidence
schema-arg:820247d1a84e19d5	implemented but unverified	zmin_schema_argument	merge	--no-ff	1	action=SetTrue	<unclassified>	<unclassified>	all	zmin compat schema	zmin compat --profile v2-47 --format json	zmin_schema	arg_id=no_ff required=False positional=False	add stock-Git oracle evidence before counting this parser/handler surface	schema presence is not compatibility evidence
schema-arg:fa631202dfde3c98	implemented but unverified	zmin_schema_argument	merge	--squash	1	action=SetTrue	<unclassified>	<unclassified>	all	zmin compat schema	zmin compat --profile v2-47 --format json	zmin_schema	arg_id=squash required=False positional=False	add stock-Git oracle evidence before counting this parser/handler surface	schema presence is not compatibility evidence
schema-arg:6548ec23515cd8d1	implemented but unverified	zmin_schema_argument	merge	--strategy	1	action=Append	<unclassified>	<unclassified>	all	zmin compat schema	zmin compat --profile v2-47 --format json	zmin_schema	arg_id=strategies required=False positional=False	add stock-Git oracle evidence before counting this parser/handler surface	schema presence is not compatibility evidence
schema-arg:977e03a32c966e7f	implemented but unverified	zmin_schema_argument	merge	<positional:commits>	1..	action=Append	<unclassified>	<unclassified>	all	zmin compat schema	zmin compat --profile v2-47 --format json	zmin_schema	arg_id=commits required=False positional=True	add stock-Git oracle evidence before counting this parser/handler surface	schema presence is not compatibility evidence
schema-arg:f5fc1c68a9b157c9	implemented but unverified	zmin_schema_argument	merge-index	-o	1	action=SetTrue	<unclassified>	<unclassified>	all	zmin compat schema	zmin compat --profile v2-47 --format json	zmin_schema	arg_id=one_shot required=False positional=False	add stock-Git oracle evidence before counting this parser/handler surface	schema presence is not compatibility evidence
schema-arg:28329b209b503238	implemented but unverified	zmin_schema_argument	merge-index	-q	1	action=SetTrue	<unclassified>	<unclassified>	all	zmin compat schema	zmin compat --profile v2-47 --format json	zmin_schema	arg_id=quiet required=False positional=False	add stock-Git oracle evidence before counting this parser/handler surface	schema presence is not compatibility evidence
schema-arg:3b36950a115690f6	implemented but unverified	zmin_schema_argument	merge-index	<positional:paths>	1..	action=Append	<unclassified>	<unclassified>	all	zmin compat schema	zmin compat --profile v2-47 --format json	zmin_schema	arg_id=paths required=False positional=True	add stock-Git oracle evidence before counting this parser/handler surface	schema presence is not compatibility evidence
schema-arg:a5fe27db7b595e78	implemented but unverified	zmin_schema_argument	mergetool	--prompt	1	action=SetTrue	<unclassified>	<unclassified>	all	zmin compat schema	zmin compat --profile v2-47 --format json	zmin_schema	arg_id=prompt required=False positional=False	add stock-Git oracle evidence before counting this parser/handler surface	schema presence is not compatibility evidence
schema-arg:7a6b8178ac9cf2b3	implemented but unverified	zmin_schema_argument	mergetool	-t	1	action=Set	<unclassified>	<unclassified>	all	zmin compat schema	zmin compat --profile v2-47 --format json	zmin_schema	arg_id=tool required=False positional=False	add stock-Git oracle evidence before counting this parser/handler surface	schema presence is not compatibility evidence
schema-arg:0bf94480e2eaab95	implemented but unverified	zmin_schema_argument	mergetool	-y	1	action=SetTrue	<unclassified>	<unclassified>	all	zmin compat schema	zmin compat --profile v2-47 --format json	zmin_schema	arg_id=no_prompt required=False positional=False	add stock-Git oracle evidence before counting this parser/handler surface	schema presence is not compatibility evidence
schema-arg:05957b09d8c570d0	implemented but unverified	zmin_schema_argument	multi-pack-index	--object-dir	1	action=Set	<unclassified>	<unclassified>	all	zmin compat schema	zmin compat --profile v2-47 --format json	zmin_schema	arg_id=object_dir required=False positional=False	add stock-Git oracle evidence before counting this parser/handler surface	schema presence is not compatibility evidence
schema-arg:6aae8ab692d9c9e9	implemented but unverified	zmin_schema_argument	p4	<positional:args>	1..	action=Append	<unclassified>	<unclassified>	all	zmin compat schema	zmin compat --profile v2-47 --format json	zmin_schema	arg_id=args required=False positional=True	add stock-Git oracle evidence before counting this parser/handler surface	schema presence is not compatibility evidence
schema-arg:68a6238a4f289596	implemented but unverified	zmin_schema_argument	pack-objects	--all	1	action=SetTrue	<unclassified>	<unclassified>	all	zmin compat schema	zmin compat --profile v2-47 --format json	zmin_schema	arg_id=all required=False positional=False	add stock-Git oracle evidence before counting this parser/handler surface	schema presence is not compatibility evidence
schema-arg:2986c0c7c9b3882d	implemented but unverified	zmin_schema_argument	pack-redundant	--alt-odb	1	action=SetTrue	<unclassified>	<unclassified>	all	zmin compat schema	zmin compat --profile v2-47 --format json	zmin_schema	arg_id=alt_odb required=False positional=False	add stock-Git oracle evidence before counting this parser/handler surface	schema presence is not compatibility evidence
schema-arg:e91a422635e11e00	implemented but unverified	zmin_schema_argument	pack-redundant	--verbose	1	action=SetTrue	<unclassified>	<unclassified>	all	zmin compat schema	zmin compat --profile v2-47 --format json	zmin_schema	arg_id=verbose required=False positional=False	add stock-Git oracle evidence before counting this parser/handler surface	schema presence is not compatibility evidence
schema-arg:77f38318570e7a3b	implemented but unverified	zmin_schema_argument	pack-redundant	<positional:packs>	1..	action=Append	<unclassified>	<unclassified>	all	zmin compat schema	zmin compat --profile v2-47 --format json	zmin_schema	arg_id=packs required=False positional=True	add stock-Git oracle evidence before counting this parser/handler surface	schema presence is not compatibility evidence
schema-arg:d863196ebd433467	implemented but unverified	zmin_schema_argument	pull	--no-rebase	1	action=SetTrue	<unclassified>	<unclassified>	all	zmin compat schema	zmin compat --profile v2-47 --format json	zmin_schema	arg_id=no_rebase required=False positional=False	add stock-Git oracle evidence before counting this parser/handler surface	schema presence is not compatibility evidence
schema-arg:11da763310ef0f83	implemented but unverified	zmin_schema_argument	pull	--strategy	1	action=Append	<unclassified>	<unclassified>	all	zmin compat schema	zmin compat --profile v2-47 --format json	zmin_schema	arg_id=strategies required=False positional=False	add stock-Git oracle evidence before counting this parser/handler surface	schema presence is not compatibility evidence
schema-arg:6fcdbca6bfee7144	implemented but unverified	zmin_schema_argument	pull	-s	1	action=Append	<unclassified>	<unclassified>	all	zmin compat schema	zmin compat --profile v2-47 --format json	zmin_schema	arg_id=strategies required=False positional=False	add stock-Git oracle evidence before counting this parser/handler surface	schema presence is not compatibility evidence
schema-arg:3da660c380b37152	implemented but unverified	zmin_schema_argument	pull	<positional:branch>	1	action=Set	<unclassified>	<unclassified>	all	zmin compat schema	zmin compat --profile v2-47 --format json	zmin_schema	arg_id=branch required=False positional=True	add stock-Git oracle evidence before counting this parser/handler surface	schema presence is not compatibility evidence
schema-arg:8987f55ff5a1a69d	implemented but unverified	zmin_schema_argument	pull	<positional:remote>	1	action=Set	<unclassified>	<unclassified>	all	zmin compat schema	zmin compat --profile v2-47 --format json	zmin_schema	arg_id=remote required=False positional=True	add stock-Git oracle evidence before counting this parser/handler surface	schema presence is not compatibility evidence
schema-arg:4e3c7d71eb90571b	implemented but unverified	zmin_schema_argument	push	--force	1	action=SetTrue	<unclassified>	<unclassified>	all	zmin compat schema	zmin compat --profile v2-47 --format json	zmin_schema	arg_id=force required=False positional=False	add stock-Git oracle evidence before counting this parser/handler surface	schema presence is not compatibility evidence
schema-arg:b71ece4dbf239be8	implemented but unverified	zmin_schema_argument	push	--set-upstream	1	action=SetTrue	<unclassified>	<unclassified>	all	zmin compat schema	zmin compat --profile v2-47 --format json	zmin_schema	arg_id=set_upstream required=False positional=False	add stock-Git oracle evidence before counting this parser/handler surface	schema presence is not compatibility evidence
schema-arg:40a0d09bd59dd528	implemented but unverified	zmin_schema_argument	push	-f	1	action=SetTrue	<unclassified>	<unclassified>	all	zmin compat schema	zmin compat --profile v2-47 --format json	zmin_schema	arg_id=force required=False positional=False	add stock-Git oracle evidence before counting this parser/handler surface	schema presence is not compatibility evidence
schema-arg:4b8f3ee69f6b78f8	implemented but unverified	zmin_schema_argument	quiltimport	--dry-run	1	action=SetTrue	<unclassified>	<unclassified>	all	zmin compat schema	zmin compat --profile v2-47 --format json	zmin_schema	arg_id=dry_run required=False positional=False	add stock-Git oracle evidence before counting this parser/handler surface	schema presence is not compatibility evidence
schema-arg:d7a15437047ffd71	implemented but unverified	zmin_schema_argument	quiltimport	--keep-non-patch	1	action=SetTrue	<unclassified>	<unclassified>	all	zmin compat schema	zmin compat --profile v2-47 --format json	zmin_schema	arg_id=keep_non_patch required=False positional=False	add stock-Git oracle evidence before counting this parser/handler surface	schema presence is not compatibility evidence
schema-arg:51e06891027cd46d	implemented but unverified	zmin_schema_argument	quiltimport	--series	1	action=Set	<unclassified>	<unclassified>	all	zmin compat schema	zmin compat --profile v2-47 --format json	zmin_schema	arg_id=series required=False positional=False	add stock-Git oracle evidence before counting this parser/handler surface	schema presence is not compatibility evidence
schema-arg:706af8a3c6c26201	implemented but unverified	zmin_schema_argument	rebase	--interactive	1	action=SetTrue	<unclassified>	<unclassified>	all	zmin compat schema	zmin compat --profile v2-47 --format json	zmin_schema	arg_id=interactive required=False positional=False	add stock-Git oracle evidence before counting this parser/handler surface	schema presence is not compatibility evidence
schema-arg:2bd0710f2029f2da	implemented but unverified	zmin_schema_argument	rebase	--onto	1	action=Set	<unclassified>	<unclassified>	all	zmin compat schema	zmin compat --profile v2-47 --format json	zmin_schema	arg_id=onto required=False positional=False	add stock-Git oracle evidence before counting this parser/handler surface	schema presence is not compatibility evidence
schema-arg:2cd8ef5080918617	implemented but unverified	zmin_schema_argument	rebase	<positional:args>	1..	action=Append	<unclassified>	<unclassified>	all	zmin compat schema	zmin compat --profile v2-47 --format json	zmin_schema	arg_id=args required=False positional=True	add stock-Git oracle evidence before counting this parser/handler surface	schema presence is not compatibility evidence
schema-arg:b3abe7187bcc16cc	implemented but unverified	zmin_schema_argument	receive-pack	--quiet	1	action=SetTrue	<unclassified>	<unclassified>	all	zmin compat schema	zmin compat --profile v2-47 --format json	zmin_schema	arg_id=quiet required=False positional=False	add stock-Git oracle evidence before counting this parser/handler surface	schema presence is not compatibility evidence
schema-arg:e3d541b485ab8ae1	implemented but unverified	zmin_schema_argument	receive-pack	-q	1	action=SetTrue	<unclassified>	<unclassified>	all	zmin compat schema	zmin compat --profile v2-47 --format json	zmin_schema	arg_id=quiet required=False positional=False	add stock-Git oracle evidence before counting this parser/handler surface	schema presence is not compatibility evidence
schema-arg:ef20c856aef10310	implemented but unverified	zmin_schema_argument	replace	-e	1	action=SetTrue	<unclassified>	<unclassified>	all	zmin compat schema	zmin compat --profile v2-47 --format json	zmin_schema	arg_id=edit required=False positional=False	add stock-Git oracle evidence before counting this parser/handler surface	schema presence is not compatibility evidence
schema-arg:8158cffa1e47ae80	implemented but unverified	zmin_schema_argument	replace	-g	1	action=SetTrue	<unclassified>	<unclassified>	all	zmin compat schema	zmin compat --profile v2-47 --format json	zmin_schema	arg_id=graft required=False positional=False	add stock-Git oracle evidence before counting this parser/handler surface	schema presence is not compatibility evidence
schema-arg:a1bed031529bfaf0	implemented but unverified	zmin_schema_argument	replay	<positional:revision_ranges>	1..	action=Append	<unclassified>	<unclassified>	all	zmin compat schema	zmin compat --profile v2-47 --format json	zmin_schema	arg_id=revision_ranges required=False positional=True	add stock-Git oracle evidence before counting this parser/handler surface	schema presence is not compatibility evidence
schema-arg:32c5a7f2710764fe	implemented but unverified	zmin_schema_argument	rerere	<positional:args>	1..	action=Append	<unclassified>	<unclassified>	all	zmin compat schema	zmin compat --profile v2-47 --format json	zmin_schema	arg_id=args required=False positional=True	add stock-Git oracle evidence before counting this parser/handler surface	schema presence is not compatibility evidence
schema-arg:1104990503bd38bb	implemented but unverified	zmin_schema_argument	rev-list	--filter	1	action=Set	<unclassified>	<unclassified>	all	zmin compat schema	zmin compat --profile v2-47 --format json	zmin_schema	arg_id=filter required=False positional=False	add stock-Git oracle evidence before counting this parser/handler surface	schema presence is not compatibility evidence
schema-arg:8bb1769a781a4c36	implemented but unverified	zmin_schema_argument	rev-list	--filter-provided-objects	1	action=SetTrue	<unclassified>	<unclassified>	all	zmin compat schema	zmin compat --profile v2-47 --format json	zmin_schema	arg_id=filter_provided_objects required=False positional=False	add stock-Git oracle evidence before counting this parser/handler surface	schema presence is not compatibility evidence
schema-arg:811ac48ac2bb09a4	implemented but unverified	zmin_schema_argument	rev-list	-n	1	action=Set	<unclassified>	<unclassified>	all	zmin compat schema	zmin compat --profile v2-47 --format json	zmin_schema	arg_id=max_count required=False positional=False	add stock-Git oracle evidence before counting this parser/handler surface	schema presence is not compatibility evidence
schema-arg:247321127f46a6a6	implemented but unverified	zmin_schema_argument	rev-parse	-q	1	action=SetTrue	<unclassified>	<unclassified>	all	zmin compat schema	zmin compat --profile v2-47 --format json	zmin_schema	arg_id=quiet required=False positional=False	add stock-Git oracle evidence before counting this parser/handler surface	schema presence is not compatibility evidence
schema-arg:c9e936183328fc00	implemented but unverified	zmin_schema_argument	revert	--abort	1	action=SetTrue	<unclassified>	<unclassified>	all	zmin compat schema	zmin compat --profile v2-47 --format json	zmin_schema	arg_id=abort required=False positional=False	add stock-Git oracle evidence before counting this parser/handler surface	schema presence is not compatibility evidence
schema-arg:2d64f80df0d8ccc8	implemented but unverified	zmin_schema_argument	revert	--continue	1	action=SetTrue	<unclassified>	<unclassified>	all	zmin compat schema	zmin compat --profile v2-47 --format json	zmin_schema	arg_id=continue_ required=False positional=False	add stock-Git oracle evidence before counting this parser/handler surface	schema presence is not compatibility evidence
schema-arg:535ccfc3c4fd13af	implemented but unverified	zmin_schema_argument	revert	--mainline	1	action=Set	<unclassified>	<unclassified>	all	zmin compat schema	zmin compat --profile v2-47 --format json	zmin_schema	arg_id=mainline required=False positional=False	add stock-Git oracle evidence before counting this parser/handler surface	schema presence is not compatibility evidence
schema-arg:4db79f49e3bdac69	implemented but unverified	zmin_schema_argument	revert	--no-commit	1	action=SetTrue	<unclassified>	<unclassified>	all	zmin compat schema	zmin compat --profile v2-47 --format json	zmin_schema	arg_id=no_commit required=False positional=False	add stock-Git oracle evidence before counting this parser/handler surface	schema presence is not compatibility evidence
schema-arg:f2c1fcc64daac23b	implemented but unverified	zmin_schema_argument	revert	-n	1	action=SetTrue	<unclassified>	<unclassified>	all	zmin compat schema	zmin compat --profile v2-47 --format json	zmin_schema	arg_id=no_commit required=False positional=False	add stock-Git oracle evidence before counting this parser/handler surface	schema presence is not compatibility evidence
schema-arg:948361678898c68b	implemented but unverified	zmin_schema_argument	send-email	<positional:args>	1..	action=Append	<unclassified>	<unclassified>	all	zmin compat schema	zmin compat --profile v2-47 --format json	zmin_schema	arg_id=args required=False positional=True	add stock-Git oracle evidence before counting this parser/handler surface	schema presence is not compatibility evidence
schema-arg:9f37ea1f4ed7304a	implemented but unverified	zmin_schema_argument	sh-i18n	<positional:args>	1..	action=Append	<unclassified>	<unclassified>	all	zmin compat schema	zmin compat --profile v2-47 --format json	zmin_schema	arg_id=args required=False positional=True	add stock-Git oracle evidence before counting this parser/handler surface	schema presence is not compatibility evidence
schema-arg:2542e27b4a0f9766	implemented but unverified	zmin_schema_argument	sh-setup	<positional:args>	1..	action=Append	<unclassified>	<unclassified>	all	zmin compat schema	zmin compat --profile v2-47 --format json	zmin_schema	arg_id=args required=False positional=True	add stock-Git oracle evidence before counting this parser/handler surface	schema presence is not compatibility evidence
schema-arg:cc4754c9a5f47f1a	implemented but unverified	zmin_schema_argument	shell	-c	1	action=Set	<unclassified>	<unclassified>	all	zmin compat schema	zmin compat --profile v2-47 --format json	zmin_schema	arg_id=command required=False positional=False	add stock-Git oracle evidence before counting this parser/handler surface	schema presence is not compatibility evidence
schema-arg:3f761521f2507786	implemented but unverified	zmin_schema_argument	shell	<positional:args>	1..	action=Append	<unclassified>	<unclassified>	all	zmin compat schema	zmin compat --profile v2-47 --format json	zmin_schema	arg_id=args required=False positional=True	add stock-Git oracle evidence before counting this parser/handler surface	schema presence is not compatibility evidence
schema-arg:493f56b78f0fca39	implemented but unverified	zmin_schema_argument	shortlog	--email	1	action=SetTrue	<unclassified>	<unclassified>	all	zmin compat schema	zmin compat --profile v2-47 --format json	zmin_schema	arg_id=email required=False positional=False	add stock-Git oracle evidence before counting this parser/handler surface	schema presence is not compatibility evidence
schema-arg:9d646a4f8e8bc452	implemented but unverified	zmin_schema_argument	shortlog	--numbered	1	action=SetTrue	<unclassified>	<unclassified>	all	zmin compat schema	zmin compat --profile v2-47 --format json	zmin_schema	arg_id=numbered required=False positional=False	add stock-Git oracle evidence before counting this parser/handler surface	schema presence is not compatibility evidence
schema-arg:2d05c68939f9a411	implemented but unverified	zmin_schema_argument	shortlog	--summary	1	action=SetTrue	<unclassified>	<unclassified>	all	zmin compat schema	zmin compat --profile v2-47 --format json	zmin_schema	arg_id=summary required=False positional=False	add stock-Git oracle evidence before counting this parser/handler surface	schema presence is not compatibility evidence
schema-arg:95aaef7eff07bf6a	implemented but unverified	zmin_schema_argument	show	-s	1	action=SetTrue	<unclassified>	<unclassified>	all	zmin compat schema	zmin compat --profile v2-47 --format json	zmin_schema	arg_id=no_patch required=False positional=False	add stock-Git oracle evidence before counting this parser/handler surface	schema presence is not compatibility evidence
schema-arg:c561a1628342cc84	implemented but unverified	zmin_schema_argument	show-branch	-a	1	action=SetTrue	<unclassified>	<unclassified>	all	zmin compat schema	zmin compat --profile v2-47 --format json	zmin_schema	arg_id=all required=False positional=False	add stock-Git oracle evidence before counting this parser/handler surface	schema presence is not compatibility evidence
schema-arg:69d7f400f8ea8cdf	implemented but unverified	zmin_schema_argument	show-branch	-r	1	action=SetTrue	<unclassified>	<unclassified>	all	zmin compat schema	zmin compat --profile v2-47 --format json	zmin_schema	arg_id=remotes required=False positional=False	add stock-Git oracle evidence before counting this parser/handler surface	schema presence is not compatibility evidence
schema-arg:0ee05755ddc92520	implemented but unverified	zmin_schema_argument	show-ref	-s	0..=1	action=Set	<unclassified>	<unclassified>	all	zmin compat schema	zmin compat --profile v2-47 --format json	zmin_schema	arg_id=hash required=False positional=False	add stock-Git oracle evidence before counting this parser/handler surface	schema presence is not compatibility evidence
schema-arg:7d48dd2e983ab094	implemented but unverified	zmin_schema_argument	status	-M	0..=1	action=Set	<unclassified>	<unclassified>	all	zmin compat schema	zmin compat --profile v2-47 --format json	zmin_schema	arg_id=find_renames required=False positional=False	add stock-Git oracle evidence before counting this parser/handler surface	schema presence is not compatibility evidence
schema-arg:064fc8fdaf9c1e1e	implemented but unverified	zmin_schema_argument	submodule	<positional:args>	1..	action=Append	<unclassified>	<unclassified>	all	zmin compat schema	zmin compat --profile v2-47 --format json	zmin_schema	arg_id=args required=False positional=True	add stock-Git oracle evidence before counting this parser/handler surface	schema presence is not compatibility evidence
schema-arg:cbcc9421b98452d3	implemented but unverified	zmin_schema_argument	svn	<positional:args>	1..	action=Append	<unclassified>	<unclassified>	all	zmin compat schema	zmin compat --profile v2-47 --format json	zmin_schema	arg_id=args required=False positional=True	add stock-Git oracle evidence before counting this parser/handler surface	schema presence is not compatibility evidence
schema-arg:35161c4b6d3f8089	implemented but unverified	zmin_schema_argument	switch	--create	1	action=Set	<unclassified>	<unclassified>	all	zmin compat schema	zmin compat --profile v2-47 --format json	zmin_schema	arg_id=create required=False positional=False	add stock-Git oracle evidence before counting this parser/handler surface	schema presence is not compatibility evidence
schema-arg:51f33fcde29a0042	implemented but unverified	zmin_schema_argument	symbolic-ref	--quiet	1	action=SetTrue	<unclassified>	<unclassified>	all	zmin compat schema	zmin compat --profile v2-47 --format json	zmin_schema	arg_id=quiet required=False positional=False	add stock-Git oracle evidence before counting this parser/handler surface	schema presence is not compatibility evidence
schema-arg:a77b6aa39b1362fb	implemented but unverified	zmin_schema_argument	tag	--delete	1	action=SetTrue	<unclassified>	<unclassified>	all	zmin compat schema	zmin compat --profile v2-47 --format json	zmin_schema	arg_id=delete required=False positional=False	add stock-Git oracle evidence before counting this parser/handler surface	schema presence is not compatibility evidence
schema-arg:5f04faa1d1b55a5f	implemented but unverified	zmin_schema_argument	tag	--verify	1	action=SetTrue	<unclassified>	<unclassified>	all	zmin compat schema	zmin compat --profile v2-47 --format json	zmin_schema	arg_id=verify required=False positional=False	add stock-Git oracle evidence before counting this parser/handler surface	schema presence is not compatibility evidence
schema-arg:1e8c0464664fb5db	implemented but unverified	zmin_schema_argument	unpack-objects	-n	1	action=SetTrue	<unclassified>	<unclassified>	all	zmin compat schema	zmin compat --profile v2-47 --format json	zmin_schema	arg_id=dry_run required=False positional=False	add stock-Git oracle evidence before counting this parser/handler surface	schema presence is not compatibility evidence
schema-arg:a2ab3c3daa8d2d52	implemented but unverified	zmin_schema_argument	update-server-info	--force	1	action=SetTrue	<unclassified>	<unclassified>	all	zmin compat schema	zmin compat --profile v2-47 --format json	zmin_schema	arg_id=force required=False positional=False	add stock-Git oracle evidence before counting this parser/handler surface	schema presence is not compatibility evidence
schema-arg:0c6b075d2dbb477b	implemented but unverified	zmin_schema_argument	upload-pack	--advertise-refs	1	action=SetTrue	<unclassified>	<unclassified>	all	zmin compat schema	zmin compat --profile v2-47 --format json	zmin_schema	arg_id=advertise_refs required=False positional=False	add stock-Git oracle evidence before counting this parser/handler surface	schema presence is not compatibility evidence
schema-arg:11ece3c4567372d0	implemented but unverified	zmin_schema_argument	upload-pack	--no-strict	1	action=SetTrue	<unclassified>	<unclassified>	all	zmin compat schema	zmin compat --profile v2-47 --format json	zmin_schema	arg_id=no_strict required=False positional=False	add stock-Git oracle evidence before counting this parser/handler surface	schema presence is not compatibility evidence
schema-arg:804da3b3fcd0916f	implemented but unverified	zmin_schema_argument	upload-pack	--stateless-rpc	1	action=SetTrue	<unclassified>	<unclassified>	all	zmin compat schema	zmin compat --profile v2-47 --format json	zmin_schema	arg_id=stateless_rpc required=False positional=False	add stock-Git oracle evidence before counting this parser/handler surface	schema presence is not compatibility evidence
schema-arg:141b79f368f4a922	implemented but unverified	zmin_schema_argument	upload-pack	--strict	1	action=SetTrue	<unclassified>	<unclassified>	all	zmin compat schema	zmin compat --profile v2-47 --format json	zmin_schema	arg_id=strict required=False positional=False	add stock-Git oracle evidence before counting this parser/handler surface	schema presence is not compatibility evidence
schema-arg:3235b671d53b3aff	implemented but unverified	zmin_schema_argument	upload-pack	--timeout	1	action=Set	<unclassified>	<unclassified>	all	zmin compat schema	zmin compat --profile v2-47 --format json	zmin_schema	arg_id=timeout required=False positional=False	add stock-Git oracle evidence before counting this parser/handler surface	schema presence is not compatibility evidence
schema-arg:2fcf9e15a0a481be	implemented but unverified	zmin_schema_argument	var	--list	1	action=SetTrue	<unclassified>	<unclassified>	all	zmin compat schema	zmin compat --profile v2-47 --format json	zmin_schema	arg_id=list required=False positional=False	add stock-Git oracle evidence before counting this parser/handler surface	schema presence is not compatibility evidence
schema-additional:5e9641d0472392f0	implemented but unverified	zmin_schema_additional_or_nested_command	commit-graph-write	<command>	<empty>	<none>	<unclassified>	<unclassified>	all	zmin compat schema	zmin compat --profile v2-47 --format json	zmin_schema	schema entry outside top-level Git command-list	map to parent Git command matrix, Zmin extension inventory or explicit deferral before counting	additional schema entries include nested Git subcommands as well as Zmin-only surface
schema-additional:87e93c3619f1baab	implemented but unverified	zmin_schema_additional_or_nested_command	scalar	<command>	<empty>	<none>	<unclassified>	<unclassified>	all	zmin compat schema	zmin compat --profile v2-47 --format json	zmin_schema	schema entry outside top-level Git command-list	map to parent Git command matrix, Zmin extension inventory or explicit deferral before counting	additional schema entries include nested Git subcommands as well as Zmin-only surface
schema-additional:6575bf71bc8c83d3	implemented but unverified	zmin_schema_additional_or_nested_command	scalar-clone	<command>	<empty>	<none>	<unclassified>	<unclassified>	all	zmin compat schema	zmin compat --profile v2-47 --format json	zmin_schema	schema entry outside top-level Git command-list	map to parent Git command matrix, Zmin extension inventory or explicit deferral before counting	additional schema entries include nested Git subcommands as well as Zmin-only surface
schema-additional:cefcd818df65947e	implemented but unverified	zmin_schema_additional_or_nested_command	scalar-diagnose	<command>	<empty>	<none>	<unclassified>	<unclassified>	all	zmin compat schema	zmin compat --profile v2-47 --format json	zmin_schema	schema entry outside top-level Git command-list	map to parent Git command matrix, Zmin extension inventory or explicit deferral before counting	additional schema entries include nested Git subcommands as well as Zmin-only surface
schema-additional:94a80ad6c398bf7d	implemented but unverified	zmin_schema_additional_or_nested_command	scalar-help	<command>	<empty>	<none>	<unclassified>	<unclassified>	all	zmin compat schema	zmin compat --profile v2-47 --format json	zmin_schema	schema entry outside top-level Git command-list	map to parent Git command matrix, Zmin extension inventory or explicit deferral before counting	additional schema entries include nested Git subcommands as well as Zmin-only surface
schema-additional:419bda9b50d14402	implemented but unverified	zmin_schema_additional_or_nested_command	scalar-version	<command>	<empty>	<none>	<unclassified>	<unclassified>	all	zmin compat schema	zmin compat --profile v2-47 --format json	zmin_schema	schema entry outside top-level Git command-list	map to parent Git command matrix, Zmin extension inventory or explicit deferral before counting	additional schema entries include nested Git subcommands as well as Zmin-only surface
